﻿<?xml version="1.0" encoding="utf-8"?>
<savedqueries xmlns:xsi="http://www.w3.org/2001/XMLSchema-instance">
  <savedquery>
    <IsCustomizable>1</IsCustomizable>
    <CanBeDeleted>0</CanBeDeleted>
    <isquickfindquery>0</isquickfindquery>
    <isprivate>0</isprivate>
    <isdefault>1</isdefault>
    <savedqueryid>{95b31e4a-33e4-4248-afb8-405ce754cbd1}</savedqueryid>
    <layoutxml>
      <grid name="resultset" jump="eql_name" select="1" icon="1" preview="1">
        <row name="result" id="eql_selectionid">
          <cell name="eql_name" width="300" />
          <cell name="createdon" width="125" />
        </row>
      </grid>
    </layoutxml>
    <querytype>0</querytype>
    <fetchxml>
      <fetch version="1.0" mapping="logical">
        <entity name="eql_selection">
          <attribute name="eql_selectionid" />
          <attribute name="eql_name" />
          <attribute name="createdon" />
          <order attribute="eql_name" descending="false" />
          <filter type="and">
            <condition attribute="statecode" operator="eq" value="0" />
          </filter>
        </entity>
      </fetch>
    </fetchxml>
    <IntroducedVersion>1.0</IntroducedVersion>
    <LocalizedNames>
      <LocalizedName description="Active Selections" languagecode="1033" />
    </LocalizedNames>
  </savedquery>
</savedqueries>