﻿<?xml version="1.0" encoding="utf-8"?>
<savedqueries xmlns:xsi="http://www.w3.org/2001/XMLSchema-instance">
  <savedquery>
    <IsCustomizable>1</IsCustomizable>
    <CanBeDeleted>0</CanBeDeleted>
    <isquickfindquery>0</isquickfindquery>
    <isprivate>0</isprivate>
    <isdefault>1</isdefault>
    <savedqueryid>{dc33a8ad-ac2a-4a63-b93a-dd1cf500d7e1}</savedqueryid>
    <layoutxml>
      <grid name="resultset" jump="eql_name" select="1" icon="1" preview="1">
        <row name="result" id="eql_selectionid">
          <cell name="eql_name" width="300" />
          <cell name="createdon" width="125" />
        </row>
      </grid>
    </layoutxml>
    <querytype>1</querytype>
    <fetchxml>
      <fetch version="1.0" mapping="logical">
        <entity name="eql_selection">
          <attribute name="eql_selectionid" />
          <attribute name="eql_name" />
          <attribute name="createdon" />
          <order attribute="eql_name" descending="false" />
        </entity>
      </fetch>
    </fetchxml>
    <IntroducedVersion>1.0</IntroducedVersion>
    <LocalizedNames>
      <LocalizedName description="Selection Advanced Find View" languagecode="1033" />
    </LocalizedNames>
  </savedquery>
</savedqueries>