﻿<?xml version="1.0" encoding="utf-8"?>
<forms xmlns:xsi="http://www.w3.org/2001/XMLSchema-instance">
  <systemform>
    <formid>{8d3b690a-eab7-4c8d-9f7f-6604cd766b88}</formid>
    <IntroducedVersion>1.0</IntroducedVersion>
    <FormPresentation>1</FormPresentation>
    <FormActivationState>1</FormActivationState>
    <form>
      <tabs>
        <tab verticallayout="true" id="{b70dfd5a-c785-49fa-80e8-edcb19639db3}" IsUserDefined="1">
          <labels>
            <label description="" languagecode="1033" />
          </labels>
          <columns>
            <column width="100%">
              <sections>
                <section showlabel="false" showbar="false" IsUserDefined="0" id="{a30ef782-8548-4eb7-975d-31b4bf5c70f3}">
                  <labels>
                    <label description="GENERAL" languagecode="1033" />
                  </labels>
                  <rows>
                    <row>
                      <cell id="{33577571-6115-4109-ae9d-5f6b4b8442b7}">
                        <labels>
                          <label description="Name" languagecode="1033" />
                        </labels>
                        <control id="eql_name" classid="{4273EDBD-AC1D-40d3-9FB2-095C621B552D}" datafieldname="eql_name" />
                      </cell>
                    </row>
                    <row>
                      <cell id="{af0f5afe-0f21-463b-9350-1b4ab72bfd10}">
                        <labels>
                          <label description="Owner" languagecode="1033" />
                        </labels>
                        <control id="ownerid" classid="{270BD3DB-D9AF-4782-9025-509E298DEC0A}" datafieldname="ownerid" />
                      </cell>
                    </row>
                  </rows>
                </section>
              </sections>
            </column>
          </columns>
        </tab>
      </tabs>
    </form>
    <IsCustomizable>1</IsCustomizable>
    <CanBeDeleted>1</CanBeDeleted>
    <LocalizedNames>
      <LocalizedName description="Information" languagecode="1033" />
    </LocalizedNames>
  </systemform>
</forms>